"PColt"	"Add c=a+b"	true	3
500	2
1093.4198149020197	"null"
961.1088616907771	"null"
1000	2
124.08794366120301	"null"
127.13593326181243	"null"
2000	2
29.101516712346264	"null"
28.523214044171898	"null"
