"EJML"	"Add c=a+b"	true	2
100	2
63252.27668845674	"null"
66154.16441892624	"null"
200	2
16927.25218371576	"null"
16366.210970914533	"null"
