"EJML"	"Determinant"	true	2
100	2
1364.617144641141	"null"
1364.2429052142938	"null"
200	2
196.13630163529825	"null"
202.27619492331354	"null"
