"EJML"	"Eigen for Symm Matrices"	true	2
100	2
192.79004451893863	"null"
191.66123953371363	"null"
200	2
28.95342371356156	"null"
29.5659734770238	"null"
