"EJML"	"Invert b=inv(a)"	true	2
100	2
505.77205832124764	"null"
508.87493934846816	"null"
200	2
74.29296219635889	"null"
73.49718152126336	"null"
