"EJML"	"Invert Symm b=inv(a)"	true	2
100	2
1003.4033681171234	"null"
997.8222638414817	"null"
200	2
120.51900477268238	"null"
123.41355055347607	"null"
