"EJML"	"Mult c=a*b^T"	true	2
100	2
614.6172065027893	"null"
634.0162209679024	"null"
200	2
81.67628795741882	"null"
81.5507703236536	"null"
