"EJML"	"Mult c=a*b"	true	2
100	2
925.9506442940906	"null"
908.6298271776453	"null"
200	2
119.07534611600836	"null"
119.87272776849181	"null"
