"EJML"	"Scale b=alpha*a"	true	2
100	2
89295.34938326264	"null"
80111.82381869716	"null"
200	2
22763.803382773734	"null"
21410.385056670842	"null"
