"EJML"	"Solve m=n"	true	2
100	2
1374.820354539597	"null"
1381.2334138540848	"null"
200	2
195.79968082462437	"null"
204.6045150005252	"null"
