"EJML"	"Solve m>n"	true	2
100	2
210.43200913080423	"null"
215.77069061685063	"null"
200	2
30.031471961545652	"null"
30.052226989744135	"null"
