"EJML"	"SVD"	true	2
100	2
110.79589829027265	"null"
111.1825196703062	"null"
200	2
15.68400380433549	"null"
16.009737842994312	"null"
