"EJML"	"Transpose Square: b=a^T"	true	2
100	2
61672.24810562315	"null"
58228.14387623445	"null"
200	2
15451.170820501391	"null"
12918.244132293285	"null"
