"Vectorz"	"Add c=a+b"	true	2
1000	2
81.80130200510565	"null"
98.66847475462633	"null"
2000	2
19.525673055905568	"null"
24.366267173628106	"null"
