"Vectorz"	"Determinant"	true	2
1000	2
1.6772061532618152	"null"
1.7868153085444443	"null"
2000	2
0.1275510821500455	"null"
0.16112292607356923	"null"
