"Vectorz"	"Invert b=inv(a)"	true	2
1000	2
0.24525313585613617	"null"
0.24675449402991737	"null"
2000	2
0.020883425561318676	"null"
0.020974053298991286	"null"
