"Vectorz"	"Invert Symm b=inv(a)"	true	2
1000	2
0.22251722809654342	"null"
0.22639902308459298	"null"
2000	2
0.020978698342484524	"null"
0.021023383797836893	"null"
