"Vectorz"	"Mult c=a*b^T"	true	2
1000	2
0.6210696843284954	"null"
0.6398943058419692	"null"
2000	2
0.07902681050288715	"null"
0.07901938447135815	"null"
