"Vectorz"	"Mult c=a*b"	true	2
1000	2
0.6268624769821975	"null"
0.6410642211745363	"null"
2000	2
0.07891838277899367	"null"
0.07860590703349994	"null"
