"Vectorz"	"Scale b=alpha*a"	true	2
1000	2
107.59050312137533	"null"
107.87151704071225	"null"
2000	2
21.67721040689298	"null"
26.40704576364015	"null"
