"Vectorz"	"Solve m=n"	true	2
1000	2
1.6904031899314609	"null"
1.8323464878596267	"null"
2000	2
0.1301687261594359	"null"
0.18430511128178773	"null"
