"Vectorz"	"Solve m>n"	true	2
1000	2
0.024963080845343013	"null"
0.02497242071702467	"null"
2000	2
0.003147375924933414	"null"
0.0031592178261234723	"null"
