"Vectorz"	"SVD"	true	2
1000	2
0.10174298814704728	"null"
0.10509378618242436	"null"
2000	2
0.010292573149995066	"null"
0.01034139197823548	"null"
