"Vectorz"	"Transpose Square: b=a^T"	true	2
1000	2
6.43550210268936E7	"null"
6.055538624267195E7	"null"
2000	2
6.479823326715383E7	"null"
6.121854583215016E7	"null"
