"Vectorz"	"Mult c=a*b^T"	false	4
500	2
5.0528481480612735	"null"
5.223491283842598	"null"
1000	-1
2000	-1
3000	-1
