"EJML"	"Add c=a+b"	true	3
500	2
2320.176309534854	"null"
2447.582069369772	"null"
1000	2
184.4448680889905	"null"
183.75593501747684	"null"
2000	2
46.29167966793934	"null"
44.58960669965102	"null"
