"EJML"	"Determinant"	true	3
500	2
14.455068541237125	"null"
14.423547782568043	"null"
1000	2
1.694884176094137	"null"
1.8724822615214598	"null"
2000	2
0.13380987613659867	"null"
0.1947403886434248	"null"
