"EJML"	"Eigen for Symm Matrices"	true	3
500	2
2.145978673472103	"null"
2.154584141122239	"null"
1000	2
0.24549305619576395	"null"
0.24366270885336802	"null"
2000	2
0.02291127253632475	"null"
0.023074552392617853	"null"
