"EJML"	"Solve m>n"	true	3
500	2
2.024661730324729	"null"
2.023349149732236	"null"
1000	2
0.15734999071049713	"null"
0.1585910814757166	"null"
2000	2
0.031137327708527906	"null"
0.03133445176739408	"null"
