"EJML"	"SVD"	true	3
500	2
0.9958470955377055	"null"
1.1364778711157395	"null"
1000	2
0.10429775383092217	"null"
0.10565871109908608	"null"
2000	2
0.010664648612330073	"null"
0.010787810884982575	"null"
