"JBLAS"	"Add c=a+b"	true	2
100	2
21992.143262544352	"null"
24073.114280814567	"null"
200	2
4878.142364402359	"null"
5043.07137488582	"null"
