"JBLAS"	"Eigen for Symm Matrices"	true	2
100	2
254.61652846201792	"null"
263.3413297737076	"null"
200	2
59.03051499337941	"null"
62.03377508287619	"null"
