"JBLAS"	"Invert b=inv(a)"	true	2
100	2
936.8157575986621	"null"
963.9083061947711	"null"
200	2
174.1281335156552	"null"
178.95650407254436	"null"
