"JBLAS"	"Invert Symm b=inv(a)"	true	2
100	2
990.4890636413915	"null"
1022.840832596236	"null"
200	2
187.4927538311843	"null"
193.25152258326037	"null"
