"JBLAS"	"Mult c=a*b^T"	true	2
100	2
1597.5687444074788	"null"
1599.9232757694188	"null"
200	2
287.38314969399437	"null"
302.86572208758037	"null"
