"JBLAS"	"Mult c=a*b"	true	2
100	2
1676.584958573502	"null"
1703.0040942462695	"null"
200	2
310.34343466980766	"null"
323.9582364833189	"null"
