"JBLAS"	"Scale b=alpha*a"	true	2
100	2
26852.308742988655	"null"
27017.896109859827	"null"
200	2
5355.977016614646	"null"
5531.4831442752575	"null"
