"JBLAS"	"Solve m=n"	true	2
100	2
2744.2954094588727	"null"
2855.3535082217145	"null"
200	2
556.46444860838	"null"
570.299260707758	"null"
