"JBLAS"	"SVD"	true	2
100	2
80.67064873187734	"null"
82.82659849946262	"null"
200	2
12.534342459231974	"null"
12.679150186668936	"null"
