"JBLAS"	"Transpose Square: b=a^T"	true	2
100	2
23345.26314863156	"null"
23704.472954544242	"null"
200	2
4770.31388218425	"null"
4875.643523501366	"null"
