"JBLAS"	"Add c=a+b"	true	2
500	2
763.4319251172549	"null"
739.43488611401	"null"
1000	2
142.32041473402296	"null"
142.46176080518734	"null"
