"JBLAS"	"Eigen for Symm Matrices"	true	2
500	2
6.154183194789797	"null"
6.2377765699917544	"null"
1000	2
0.8370344450513735	"null"
0.9344691893547064	"null"
