"JBLAS"	"Invert b=inv(a)"	true	2
500	2
14.8789518114118	"null"
14.862747078728546	"null"
1000	2
2.1683359044087207	"null"
2.1687597058141654	"null"
