"JBLAS"	"Invert Symm b=inv(a)"	true	2
500	2
16.86676388292347	"null"
17.00249836411212	"null"
1000	2
2.5157405863301743	"null"
2.5407576764841173	"null"
