"JBLAS"	"Mult c=a*b^T"	true	2
500	2
21.04780594478581	"null"
21.515713077337352	"null"
1000	2
3.4706761474698937	"null"
3.4731986613750543	"null"
