"JBLAS"	"Mult c=a*b"	true	2
500	2
22.355981514639637	"null"
22.471263352734884	"null"
1000	2
3.5766184139979753	"null"
3.5814583752584075	"null"
