"JBLAS"	"Scale b=alpha*a"	true	2
500	2
842.0083155371045	"null"
916.1562541550688	"null"
1000	2
180.07314816652925	"null"
181.00944398673056	"null"
