"JBLAS"	"Solve m=n"	true	2
500	2
47.77149499018541	"null"
49.496045648000326	"null"
1000	2
7.561034030039427	"null"
7.275903634603537	"null"
