"JBLAS"	"SVD"	true	2
500	2
0.6695549266464814	"null"
0.7286043701905791	"null"
1000	2
0.09959112227367362	"null"
0.10122716642101942	"null"
