"JBLAS"	"Transpose Square: b=a^T"	true	2
500	2
555.3967362521212	"null"
594.8972228487843	"null"
1000	2
135.28706710261923	"null"
135.53678717203547	"null"
