"Colt"	"Add c=a+b"	true	2
100	2
19778.04134980904	"null"
20538.46326403848	"null"
200	2
4890.2698684857805	"null"
5042.6502325358715	"null"
