"Colt"	"Determinant"	true	2
100	2
655.1435844838629	"null"
651.1093710147001	"null"
200	2
88.55006756333259	"null"
96.40088675731292	"null"
