"Colt"	"Eigen for Symm Matrices"	true	2
100	2
125.46092750795623	"null"
126.08975333430818	"null"
200	2
15.71943130500333	"null"
16.221964441914242	"null"
