"Colt"	"Invert b=inv(a)"	true	2
100	2
216.61674302919283	"null"
214.7366104168041	"null"
200	2
29.729608850747148	"null"
28.68319765014395	"null"
