"Colt"	"Invert Symm b=inv(a)"	true	2
100	2
221.6132199478631	"null"
222.04055237628324	"null"
200	2
31.129113101764116	"null"
30.79484793725426	"null"
