"Colt"	"Mult c=a*b^T"	true	2
100	2
302.4999269478006	"null"
312.32527468876486	"null"
200	2
37.143461084061485	"null"
37.37498059156599	"null"
