"Colt"	"Mult c=a*b"	true	2
100	2
305.6783632723018	"null"
310.19457229261855	"null"
200	2
37.28128798893973	"null"
37.201632505533375	"null"
