"Colt"	"Scale b=alpha*a"	true	2
100	2
42259.64090393264	"null"
42207.62291462794	"null"
200	2
8677.111608654435	"null"
11195.633204893305	"null"
