"Colt"	"Solve m=n"	true	2
100	2
550.5298397914482	"null"
554.6343983017726	"null"
200	2
72.53499630920389	"null"
87.85401579328482	"null"
