"Colt"	"Solve m>n"	true	2
100	2
84.43878662234398	"null"
86.98383590941029	"null"
200	2
9.02054831292669	"null"
8.991812936337839	"null"
