"Colt"	"SVD"	true	2
100	2
54.29282028198937	"null"
54.262583161293406	"null"
200	2
5.024013422652642	"null"
5.044614223477127	"null"
