"Vectorz"	"Add c=a+b"	true	2
100	2
20657.017883108867	"null"
20505.34038601503	"null"
200	2
4266.590747404829	"null"
4403.212202637353	"null"
