"Vectorz"	"Determinant"	true	2
100	2
1045.8963153722905	"null"
1038.912796629592	"null"
200	2
171.04558145829733	"null"
172.04049213839167	"null"
