"Vectorz"	"Invert b=inv(a)"	true	2
100	2
299.2115596493236	"null"
299.2296783767006	"null"
200	2
41.100165315084396	"null"
41.16865258038742	"null"
