"Vectorz"	"Invert Symm b=inv(a)"	true	2
100	2
295.8763400311884	"null"
295.7832382117089	"null"
200	2
39.769130530313646	"null"
40.100819153668645	"null"
