"Vectorz"	"Mult c=a*b^T"	true	2
100	2
548.3937761153352	"null"
561.553572223576	"null"
200	2
80.97322168594377	"null"
79.66633708014541	"null"
