"Vectorz"	"Mult c=a*b"	true	2
100	2
608.9682685017294	"null"
618.8996747316357	"null"
200	2
81.33438327888707	"null"
81.41168020266075	"null"
