"Vectorz"	"Scale b=alpha*a"	true	2
100	2
21837.30533178236	"null"
22125.80015066659	"null"
200	2
4420.09530222246	"null"
4543.48274905733	"null"
