"Vectorz"	"Solve m=n"	true	2
100	2
1015.2454199343637	"null"
1063.7489457002023	"null"
200	2
186.66146154134088	"null"
187.66832575535827	"null"
