"Vectorz"	"Solve m>n"	true	2
100	2
48.64269950451515	"null"
50.09488031672658	"null"
200	2
6.5916258589546475	"null"
6.633266256892095	"null"
