"Vectorz"	"SVD"	true	2
100	2
110.42823390913924	"null"
110.55982044766428	"null"
200	2
15.659849297107518	"null"
15.838722085653062	"null"
