"Vectorz"	"Transpose Square: b=a^T"	true	2
100	2
6.4526910442487344E7	"null"
6.0462859338953614E7	"null"
200	2
6.4620197545076504E7	"null"
6.083241018880441E7	"null"
