"Colt"	"Mult c=a*b^T"	false	2
100	2
303.52503862356116	"null"
313.721859893483	"null"
200	-1
