"Vectorz"	"Invert b=inv(a)"	false	2
500	2
1.943357365152864	"null"
2.1738371371810654	"null"
1000	-1
