"Vectorz"	"Mult c=a*b^T"	false	2
500	2
3.915706158874525	"null"
4.1334184347699	"null"
1000	-1
