"Vectorz"	"Solve m>n"	false	2
500	2
0.10650022756574574	"null"
0.10571469765033172	"null"
1000	-1
