"Vectorz"	"Solve m=n"	true	2
500	2
11.810745023311783	"null"
11.984970032601156	"null"
1000	2
0.6785243275693468	"null"
0.7490483875805387	"null"
