"Vectorz"	"Add c=a+b"	true	2
500	2
572.884679979003	"null"
690.6228689409729	"null"
1000	2
99.8337711104234	"null"
99.4313843276614	"null"
