"Vectorz"	"Determinant"	true	2
500	2
13.192374729571297	"null"
13.256113392354612	"null"
1000	2
1.6793382519924818	"null"
1.7914071440955042	"null"
