"Vectorz"	"Invert b=inv(a)"	true	2
500	2
2.7434708550926503	"null"
2.717692975653159	"null"
1000	2
0.24308989374181458	"null"
0.24724323264033082	"null"
