"Vectorz"	"Invert Symm b=inv(a)"	true	2
500	2
2.761565752881957	"null"
2.7221334901979093	"null"
1000	2
0.21800206832601557	"null"
0.2262139402260401	"null"
