"Vectorz"	"Mult c=a*b^T"	true	2
500	2
5.054459904999445	"null"
5.227644369619738	"null"
1000	2
0.6282372488238922	"null"
0.6366817098701335	"null"
