"Vectorz"	"Mult c=a*b"	true	2
500	2
5.075380026311886	"null"
5.17451039319515	"null"
1000	2
0.6238647276207285	"null"
0.6345650967592379	"null"
