"Vectorz"	"Scale b=alpha*a"	true	2
500	2
721.1019972904704	"null"
731.232526524009	"null"
1000	2
107.35111788555862	"null"
107.9441892919778	"null"
