"Vectorz"	"Solve m>n"	true	2
500	2
0.21716066169133322	"null"
0.2248420895444711	"null"
1000	2
0.024800663434432758	"null"
0.024860456414123173	"null"
