"Vectorz"	"Solve m=n"	true	2
500	2
13.85841435417205	"null"
13.854992745352613	"null"
1000	2
1.6984619984154996	"null"
1.8269285658772534	"null"
