"Vectorz"	"SVD"	true	2
500	2
0.9839991833751418	"null"
1.1496388202136492	"null"
1000	2
0.10128118600740381	"null"
0.1052898912419524	"null"
