"Vectorz"	"Transpose Square: b=a^T"	true	2
500	2
6.4310688776108965E7	"null"
6.095509712729069E7	"null"
1000	2
6.44292473793923E7	"null"
6.10804449296016E7	"null"
