"JAMA"	"Add c=a+b"	true	3
500	2
706.2263308962306	"null"
695.3603150117955	"null"
1000	2
109.1470530509155	"null"
110.14218022746986	"null"
2000	2
27.382910267488022	"null"
27.637428800098117	"null"
