"JAMA"	"Solve m>n"	true	3
500	2
0.40624396387484324	"null"
0.4136682336693758	"null"
1000	2
0.04293948344743161	"null"
0.04329804009691312	"null"
2000	2
0.005125285873213018	"null"
0.005156874047829013	"null"
