"JAMA"	"Solve m=n"	true	3
500	2
13.682785565019719	"null"
13.641170616588765	"null"
1000	2
1.6239676223663886	"null"
1.7928870617688397	"null"
2000	2
0.1314158708205855	"null"
0.1312220015789731	"null"
