"Vectorz"	"Add c=a+b"	true	3
500	2
655.8149333978947	"null"
679.2084487757757	"null"
1000	2
98.49183697500642	"null"
97.53570850267717	"null"
2000	2
20.168821248057075	"null"
24.563152584503868	"null"
