"Vectorz"	"Determinant"	true	3
500	2
13.27769252841437	"null"
13.366609137608396	"null"
1000	2
1.6822085932616517	"null"
1.7732497915281098	"null"
2000	2
0.12928425259056683	"null"
0.19039593115670014	"null"
