"Vectorz"	"Invert Symm b=inv(a)"	true	3
500	2
2.686546025472631	"null"
2.6955825811590177	"null"
1000	2
0.2244754616621101	"null"
0.22699104799378458	"null"
2000	2
0.02093926611492122	"null"
0.021084775301582922	"null"
