"Vectorz"	"Invert b=inv(a)"	true	3
500	2
2.733416558092476	"null"
2.7168307635919384	"null"
1000	2
0.24293333788519147	"null"
0.2507905593684876	"null"
2000	2
0.02084789149240475	"null"
0.0208865933522559	"null"
