"Vectorz"	"Mult c=a*b^T"	true	3
500	2
5.222707120983065	"null"
5.204016109576554	"null"
1000	2
0.6306797413211793	"null"
0.6376777218013504	"null"
2000	2
0.07850716291460537	"null"
0.0787094812532889	"null"
