"Vectorz"	"Solve m>n"	true	3
500	2
0.20976296843091177	"null"
0.22155642488073404	"null"
1000	2
0.02509163791857323	"null"
0.02498348345656209	"null"
2000	2
0.0031911820053124058	"null"
0.0032227132328298395	"null"
