"Vectorz"	"Solve m=n"	true	3
500	2
13.769036393559698	"null"
13.99960402120026	"null"
1000	2
1.700809812784117	"null"
1.8160316301279955	"null"
2000	2
0.12974049559324885	"null"
0.1890658777972071	"null"
