"Vectorz"	"SVD"	true	3
500	2
1.0165234483730683	"null"
1.1363228294612993	"null"
1000	2
0.10315714853560051	"null"
0.10496586815995426	"null"
2000	2
0.010294024167146467	"null"
0.010403857059090093	"null"
