"EJML"	"Add c=a+b"	true	2
100	2
65718.59700032126	"null"
66210.42062778315	"null"
200	2
16470.24810128902	"null"
6911.809659106832	"null"
