"EJML"	"Determinant"	true	2
100	2
1374.3200425731131	"null"
1376.618790815258	"null"
200	2
196.75980860971453	"null"
200.7143466388769	"null"
