"EJML"	"Eigen for Symm Matrices"	true	2
100	2
191.46581453381128	"null"
191.0050596106198	"null"
200	2
29.07808730090888	"null"
29.586044374900847	"null"
