"EJML"	"Invert Symm b=inv(a)"	true	2
100	2
999.5095719260547	"null"
1002.862796206759	"null"
200	2
122.25919377913003	"null"
124.43991403120137	"null"
