"EJML"	"Invert b=inv(a)"	true	2
100	2
510.60895586878013	"null"
510.85828382520054	"null"
200	2
74.1184733455161	"null"
75.86884577313863	"null"
