"EJML"	"Mult c=a*b"	true	2
100	2
845.9257658140448	"null"
927.042920923504	"null"
200	2
105.59355255181029	"null"
120.81443657531581	"null"
