"EJML"	"Mult c=a*b^T"	true	2
100	2
619.6020116594528	"null"
642.5452545736887	"null"
200	2
81.645980351209	"null"
80.63499476229983	"null"
