"EJML"	"Scale b=alpha*a"	true	2
100	2
89876.11446876689	"null"
79253.74342923929	"null"
200	2
22754.15415254115	"null"
21613.43745447334	"null"
