"EJML"	"Solve m>n"	true	2
100	2
206.45138850976218	"null"
215.17815588617677	"null"
200	2
29.85799267900758	"null"
30.05574032405408	"null"
