"EJML"	"Solve m=n"	true	2
100	2
1358.3842401220356	"null"
1383.8851669969974	"null"
200	2
198.54887091138454	"null"
204.08901991791407	"null"
