"EJML"	"SVD"	true	2
100	2
109.13777262151241	"null"
109.98962962777054	"null"
200	2
15.746258352685164	"null"
16.00701070252646	"null"
