"EJML"	"Transpose Square: b=a^T"	true	2
100	2
62785.07640695666	"null"
58705.43680703297	"null"
200	2
15501.430987069578	"null"
12918.139916483435	"null"
