"la4j"	"Mult c=a*b^T"	false	2
100	2
543.5312664766424	"null"
570.582192459746	"null"
200	-1
