"la4j"	"Solve m=n"	true	2
100	2
882.9923428455513	"null"
900.8897184819207	"null"
200	2
112.76334893464383	"null"
114.21573085639965	"null"
