"Vectorz"	"Add c=a+b"	false	14
2	20
2.3745655137976196E7	"null"
2.315097844956326E7	"null"
2.3752575904559262E7	"null"
2.3805556710663356E7	"null"
2.357865494277158E7	"null"
2.403438623312824E7	"null"
2.4071337424988963E7	"null"
2.42258052853703E7	"null"
2.415133766231656E7	"null"
2.444619655013753E7	"null"
2.378018738960301E7	"null"
2.4485936905037552E7	"null"
2.420145095277061E7	"null"
2.422903985658446E7	"null"
2.408963266142799E7	"null"
2.3560423752101593E7	"null"
2.404138391390339E7	"null"
2.3983570436262958E7	"null"
2.378546449025343E7	"null"
2.4026983350687157E7	"null"
3	-1
4	-1
5	-1
10	-1
20	-1
50	-1
100	-1
200	-1
500	-1
1000	-1
2000	-1
5000	-1
10000	-1
