"CommMath"	"Add c=a+b"	true	3
500	2
802.134352984975	"null"
790.6162822709174	"null"
1000	2
116.11896296880444	"null"
116.36945258663711	"null"
2000	2
29.65129083715382	"null"
30.038616834760113	"null"
