"CommMath"	"Eigen for Symm Matrices"	true	3
500	2
0.6450720123560706	"null"
0.6604899783875394	"null"
1000	2
0.08834705986535173	"null"
0.08706292432937555	"null"
2000	2
0.010636763640037092	"null"
0.010466525659293367	"null"
