"CommMath"	"Solve m>n"	true	3
500	2
2.0633196911449767	"null"
2.093332852927399	"null"
1000	2
0.1540692839281078	"null"
0.15617376028940727	"null"
2000	2
0.018823527414787756	"null"
0.01890539581040403	"null"
