"CommMath"	"Solve m=n"	true	3
500	2
6.494334515132745	"null"
6.505416855695107	"null"
1000	2
0.5561270128274105	"null"
0.5596749575748893	"null"
2000	2
0.057820131321551754	"null"
0.05842007005046145	"null"
