"CommMath"	"SVD"	true	3
500	2
0.2582838952043428	"null"
0.24796887744007878	"null"
1000	2
0.03151745171959714	"null"
0.028175086360071416	"null"
2000	2
0.003379045519111706	"null"
0.0028816960396769124	"null"
