"CommMath"	"Transpose Square: b=a^T"	true	3
500	2
765.3568379290025	"null"
769.7357345788237	"null"
1000	2
134.6559942537937	"null"
133.6615253807133	"null"
2000	2
33.187091501542646	"null"
32.44001433940229	"null"
