"la4j"	"Add c=a+b"	true	3
500	2
696.4444189936889	"null"
689.7572556686455	"null"
1000	2
108.34989155142506	"null"
109.83580190507315	"null"
2000	2
27.27189457087971	"null"
27.286504432578138	"null"
