"la4j"	"Invert Symm b=inv(a)"	true	3
500	2
0.028179532885771158	"null"
0.028827953248572395	"null"
1000	1
0.001434866974207673	"null"
2000	-1
