"la4j"	"Invert b=inv(a)"	true	3
500	2
0.028200928385628498	"null"
0.02880089897614593	"null"
1000	1
0.0014315215097408622	"null"
2000	-1
