"la4j"	"Solve m>n"	true	3
500	2
0.3434849648328861	"null"
0.3511800879030309	"null"
1000	2
0.01633401416150469	"null"
0.0237918231077891	"null"
2000	2
0.0030936364446263456	"null"
0.0031517289510190434	"null"
