"la4j"	"SVD"	true	3
500	2
0.059743947438829346	"null"
0.0619218037947865	"null"
1000	2
0.006687769727510566	"null"
0.0074756961460434	"null"
2000	1
9.139811612402028E-4	"null"
