"JAMA"	"Add c=a+b"	true	2
100	2
17606.325878695523	"null"
18554.437192277986	"null"
200	2
4066.5928868836595	"null"
4813.604182680706	"null"
