"JAMA"	"Determinant"	true	2
100	2
1353.1961731085353	"null"
1352.3902431316492	"null"
200	2
193.68113215807767	"null"
199.25121618911118	"null"
