"JAMA"	"Eigen for Symm Matrices"	true	2
100	2
126.93750363666769	"null"
128.2523755983035	"null"
200	2
16.147073456772826	"null"
16.24646745890482	"null"
