"JAMA"	"Invert Symm b=inv(a)"	true	2
100	2
152.8145167576463	"null"
156.342240165402	"null"
200	2
18.57380411628619	"null"
18.751085638513505	"null"
