"JAMA"	"Invert b=inv(a)"	true	2
100	2
412.41890233368787	"null"
414.4144553830751	"null"
200	2
56.807722977602104	"null"
57.83203087398479	"null"
