"JAMA"	"Mult c=a*b^T"	true	2
100	2
561.8058863367258	"null"
588.6638640847956	"null"
200	2
77.03655473114031	"null"
77.74689940057469	"null"
