"JAMA"	"Mult c=a*b"	true	2
100	2
591.2960028229213	"null"
604.9996844855108	"null"
200	2
78.36255556021742	"null"
78.95580780272635	"null"
