"JAMA"	"Scale b=alpha*a"	true	2
100	2
19261.564921049667	"null"
19376.144343169715	"null"
200	2
5000.534460603223	"null"
5245.4784424225045	"null"
