"JAMA"	"Solve m=n"	true	2
100	2
1178.9504844743576	"null"
1181.3493825949492	"null"
200	2
179.13567119971535	"null"
177.83964419408977	"null"
