"JAMA"	"Solve m>n"	true	2
100	2
55.9749471560737	"null"
55.83636945337123	"null"
200	2
6.462659325286734	"null"
7.017895479077948	"null"
