"JAMA"	"SVD"	true	2
100	2
52.30576106757314	"null"
52.19481085237225	"null"
200	2
4.914888497443359	"null"
4.900486597835131	"null"
