"JAMA"	"Transpose Square: b=a^T"	true	2
100	2
16969.16407161782	"null"
17970.527102923417	"null"
200	2
4244.8537068806745	"null"
4455.861255535658	"null"
