"Vectorz"	"Add c=a+b"	true	2
100	2
20531.38869746962	"null"
20809.528672233035	"null"
200	2
4156.012021343315	"null"
4361.098882566765	"null"
