"Vectorz"	"Determinant"	true	2
100	2
1030.8410928325636	"null"
1043.058101072866	"null"
200	2
170.57852745271632	"null"
171.12022958666827	"null"
