"Vectorz"	"Invert Symm b=inv(a)"	true	2
100	2
297.8205815874593	"null"
298.9277326808457	"null"
200	2
39.42664387468323	"null"
40.082120006977576	"null"
