"Vectorz"	"Invert b=inv(a)"	true	2
100	2
283.5196132241525	"null"
297.3575357140876	"null"
200	2
39.72331986582416	"null"
39.9691903092188	"null"
