"Vectorz"	"Mult c=a*b"	true	2
100	2
609.2452165614424	"null"
622.4566726481828	"null"
200	2
81.15808389850226	"null"
80.80996155591237	"null"
