"Vectorz"	"Mult c=a*b^T"	true	2
100	2
592.8730445239271	"null"
623.0304502423791	"null"
200	2
81.2334933097349	"null"
81.20819307518862	"null"
