"Vectorz"	"Scale b=alpha*a"	true	2
100	2
22050.84245861037	"null"
21140.251619479313	"null"
200	2
4540.727251780032	"null"
5486.929452819499	"null"
