"Vectorz"	"Solve m>n"	true	2
100	2
49.50785283164967	"null"
50.115791684719085	"null"
200	2
6.5989481538715244	"null"
6.634595788862822	"null"
