"Vectorz"	"Solve m=n"	true	2
100	2
1186.176081849582	"null"
1181.8650822290647	"null"
200	2
187.7565099865072	"null"
187.3695901423567	"null"
