"Vectorz"	"SVD"	true	2
100	2
110.09689918159957	"null"
111.11162985449613	"null"
200	2
15.728170114551064	"null"
15.871900147717593	"null"
