"Vectorz"	"Transpose Square: b=a^T"	true	2
100	2
6.2269586556306735E7	"null"
6.438178008187984E7	"null"
200	2
6.3940621589389265E7	"null"
6.444275446515838E7	"null"
