"Vectorz"	"Add c=a+b"	true	3
500	2
535.9345171117565	"null"
588.9594537643683	"null"
1000	2
99.09339240754252	"null"
99.50606166150632	"null"
2000	2
20.20026401302583	"null"
24.124696262716018	"null"
