"Vectorz"	"Determinant"	true	3
500	2
13.261403158434353	"null"
13.441987891499553	"null"
1000	2
1.674460057272813	"null"
1.7900304791264228	"null"
2000	2
0.12781263845124324	"null"
0.18640840872748027	"null"
