"Vectorz"	"Invert Symm b=inv(a)"	false	3
500	2
2.6989490019992366	"null"
2.565735586822548	"null"
1000	-1
2000	-1
