"Vectorz"	"Invert b=inv(a)"	true	3
500	2
2.747977282164035	"null"
2.6976743373816503	"null"
1000	2
0.24358957702756293	"null"
0.25019008642158036	"null"
2000	2
0.02093326489169442	"null"
0.020982017814948194	"null"
