"Vectorz"	"Mult c=a*b"	true	3
500	2
4.708236045560982	"null"
4.987803757410931	"null"
1000	2
0.6229890707108519	"null"
0.635229020662426	"null"
2000	2
0.07855451986981894	"null"
0.0784716980221789	"null"
