"Vectorz"	"Scale b=alpha*a"	false	3
500	2
650.7911498097246	"null"
740.8358698140013	"null"
1000	2
107.75992376005726	"null"
107.44060768264451	"null"
2000	-1
