"Vectorz"	"Solve m>n"	false	3
500	2
0.20661205433485455	"null"
0.19816559181748747	"null"
1000	-1
2000	-1
