"Vectorz"	"Solve m=n"	true	3
500	2
13.973228872455238	"null"
13.896589226103414	"null"
1000	2
1.6965621819110264	"null"
1.8104504278821258	"null"
2000	2
0.1301813445709147	"null"
0.18778926264608367	"null"
