"Vectorz"	"SVD"	false	3
500	2
0.994899859772347	"null"
1.156996703038393	"null"
1000	2
0.10256222053157701	"null"
0.10395625192500406	"null"
2000	-1
