"Colt"	"Add c=a+b"	true	3
500	2
756.9756349121814	"null"
765.6678555114926	"null"
1000	2
128.63299993817245	"null"
124.22151340506514	"null"
2000	2
28.45374377504202	"null"
28.64159243066316	"null"
