"Colt"	"Solve m=n"	true	3
500	2
6.113766803312499	"null"
6.477979455797032	"null"
1000	2
0.758487118922722	"null"
0.8445140911462018	"null"
2000	2
0.07972396297885405	"null"
0.08042734665937049	"null"
