"JBLAS"	"Eigen for Symm Matrices"	true	3
500	2
6.185307793988919	"null"
6.295750929703432	"null"
1000	2
0.8524978632396807	"null"
0.9391856357041862	"null"
2000	2
0.11731004402868725	"null"
0.11838126240732924	"null"
