"JBLAS"	"Invert Symm b=inv(a)"	true	3
500	2
16.893722403259765	"null"
17.058323773648006	"null"
1000	2
2.4993805805935287	"null"
2.435753753177653	"null"
2000	2
0.35801489896544775	"null"
0.3544999091512448	"null"
