"JBLAS"	"Mult c=a*b"	true	3
500	2
22.258855265552477	"null"
22.420358402881288	"null"
1000	2
3.576670907558148	"null"
3.561458329253423	"null"
2000	2
0.466107918897746	"null"
0.4701391957242555	"null"
