"EJML"	"Add c=a+b"	true	2
100	2
62120.25974634224	"null"
66388.7539799762	"null"
200	2
16633.231901367926	"null"
6902.837128639398	"null"
