"EJML"	"Determinant"	true	2
100	2
1368.0411489749426	"null"
1366.38426228749	"null"
200	2
197.68680616469766	"null"
201.77661969774036	"null"
