"EJML"	"Eigen for Symm Matrices"	true	2
100	2
193.92239337814968	"null"
192.35322289520445	"null"
200	2
29.225559731390508	"null"
29.654985213119897	"null"
