"EJML"	"Invert Symm b=inv(a)"	true	2
100	2
1005.395458841922	"null"
1005.6582290621695	"null"
200	2
119.50015805722973	"null"
124.30872204544681	"null"
