"EJML"	"Invert b=inv(a)"	true	2
100	2
510.03145296861055	"null"
512.7821801075678	"null"
200	2
73.65139712001171	"null"
75.86062233243618	"null"
