"EJML"	"Mult c=a*b"	true	2
100	2
911.5097671921673	"null"
927.0828763358602	"null"
200	2
116.81420587869565	"null"
119.7113233264776	"null"
