"EJML"	"Mult c=a*b^T"	true	2
100	2
617.7703975155723	"null"
637.9512576479736	"null"
200	2
81.34817114869448	"null"
81.98973168799313	"null"
