"EJML"	"Scale b=alpha*a"	true	2
100	2
89057.82217337818	"null"
82991.83505922128	"null"
200	2
15761.718070045757	"null"
22095.454720804486	"null"
