"EJML"	"Solve m=n"	true	2
100	2
1370.8270194611025	"null"
1372.6653368039251	"null"
200	2
197.21685190666352	"null"
205.26379321400367	"null"
