"EJML"	"Solve m>n"	true	2
100	2
201.3028685358271	"null"
212.68702600728636	"null"
200	2
30.035933779008737	"null"
29.965415039248196	"null"
