"EJML"	"SVD"	true	2
100	2
109.72262257367701	"null"
110.58386000052762	"null"
200	2
15.693352103903308	"null"
15.990784047420734	"null"
