"EJML"	"Transpose Square: b=a^T"	true	2
100	2
61553.45934990417	"null"
58264.51726602719	"null"
200	2
15496.571004861291	"null"
12895.601975375223	"null"
