"JBLAS"	"Add c=a+b"	true	2
100	2
23638.015930555084	"null"
24317.60877100833	"null"
200	2
5015.340805282954	"null"
5016.101947255976	"null"
