"JBLAS"	"Eigen for Symm Matrices"	true	2
100	2
255.40098264617342	"null"
262.71818341049095	"null"
200	2
59.28890010950222	"null"
61.990359881201215	"null"
