"JBLAS"	"Invert b=inv(a)"	true	2
100	2
939.9576207956496	"null"
949.1779671983584	"null"
200	2
170.87227261214795	"null"
180.5396973896215	"null"
