"JBLAS"	"Invert Symm b=inv(a)"	true	2
100	2
983.3583765638933	"null"
997.9715659969814	"null"
200	2
191.68918135972228	"null"
194.0308887149905	"null"
