"JBLAS"	"Mult c=a*b"	true	2
100	2
1696.7330250310536	"null"
1735.5694523339105	"null"
200	2
316.5426590356514	"null"
323.34272616072593	"null"
