"JBLAS"	"Mult c=a*b^T"	true	2
100	2
1577.3954454283908	"null"
1581.9895054305007	"null"
200	2
292.19780239414837	"null"
306.53493927818	"null"
