"JBLAS"	"Scale b=alpha*a"	true	2
100	2
26578.141916411267	"null"
26987.19558242342	"null"
200	2
5255.177392994842	"null"
5529.520135428806	"null"
