"JBLAS"	"Solve m=n"	true	2
100	2
2762.6555910690554	"null"
2846.5439616792996	"null"
200	2
558.1311479108238	"null"
572.5967442941945	"null"
