"JBLAS"	"SVD"	true	2
100	2
75.74314805672302	"null"
82.99323751116862	"null"
200	2
12.613887540097753	"null"
12.537487352399753	"null"
