"JBLAS"	"Transpose Square: b=a^T"	true	2
100	2
23364.29689523765	"null"
23509.60239220191	"null"
200	2
4837.269159179924	"null"
4878.142134058324	"null"
