"UJMP"	"Add c=a+b"	true	3
500	2
2150.854496134409	"null"
2167.3570042990186	"null"
1000	2
179.6699452065386	"null"
177.6636361297126	"null"
2000	2
44.96344058616691	"null"
44.94209211431071	"null"
