"EJML"	"Add c=a+b"	true	2
1000	2
179.02756981096965	"null"
178.90177602531693	"null"
2000	2
46.067498098213505	"null"
44.886253149003444	"null"
