"EJML"	"Determinant"	true	2
1000	2
1.7016835578201517	"null"
1.8726185324928997	"null"
2000	2
0.1290906950735581	"null"
0.1318950990705168	"null"
