"EJML"	"Eigen for Symm Matrices"	true	2
1000	2
0.24714590856830146	"null"
0.2520762047379995	"null"
2000	2
0.02279559867562977	"null"
0.022841362856974568	"null"
