"EJML"	"Invert b=inv(a)"	true	2
1000	2
0.5461789722183684	"null"
0.5904835926997775	"null"
2000	2
0.059251575230575795	"null"
0.06921837230867528	"null"
