"EJML"	"Invert Symm b=inv(a)"	true	2
1000	2
0.723218666914854	"null"
0.8177808500459518	"null"
2000	2
0.10676568554795465	"null"
0.10891245705182653	"null"
