"EJML"	"Mult c=a*b^T"	true	2
1000	2
0.5472322452231395	"null"
0.5664255177052057	"null"
2000	2
0.06978256224705895	"null"
0.06850986031494162	"null"
