"EJML"	"Mult c=a*b"	true	2
1000	2
0.5482670794126507	"null"
0.5559716855362679	"null"
2000	2
0.07495510850104845	"null"
0.06623220247563887	"null"
