"EJML"	"Scale b=alpha*a"	true	2
1000	2
217.06975920075985	"null"
229.44527791903454	"null"
2000	2
57.09732954159865	"null"
55.24634114912847	"null"
