"EJML"	"Solve m=n"	true	2
1000	2
1.8087545761762092	"null"
1.8538143563738367	"null"
2000	2
0.13347990954411443	"null"
0.19417158640299262	"null"
