"EJML"	"Solve m>n"	true	2
1000	2
0.15652057680318723	"null"
0.1577593936633563	"null"
2000	2
0.031235865718052053	"null"
0.031234819079487303	"null"
