"EJML"	"SVD"	true	2
1000	2
0.10134370672165142	"null"
0.10502038010425879	"null"
2000	2
0.010612098634045906	"null"
0.010709123991906199	"null"
