"EJML"	"Transpose Square: b=a^T"	true	2
1000	2
210.75068575884964	"null"
205.70028840155317	"null"
2000	2
49.331571325762184	"null"
50.20130079040302	"null"
