"CommMath"	"Add c=a+b"	true	2
100	2
23273.586705432146	"null"
24034.312720699265	"null"
200	2
5213.200272219679	"null"
5913.551313692185	"null"
