"CommMath"	"Determinant"	true	2
100	2
1046.9051948290257	"null"
1043.2617791765458	"null"
200	2
146.8893619719697	"null"
152.32796486891854	"null"
