"CommMath"	"Eigen for Symm Matrices"	true	2
100	2
130.02873346639433	"null"
128.98354694047467	"null"
200	2
17.176527848716837	"null"
17.52355446096425	"null"
