"CommMath"	"Invert b=inv(a)"	true	2
100	2
375.614048291291	"null"
375.4994104709189	"null"
200	2
52.374831374697955	"null"
52.41286117072195	"null"
