"CommMath"	"Invert Symm b=inv(a)"	true	2
100	2
459.57082073311636	"null"
463.0053575899988	"null"
200	2
67.22924243908182	"null"
67.09008733600112	"null"
