"CommMath"	"Mult c=a*b^T"	true	2
100	2
532.5900646643286	"null"
556.407689814835	"null"
200	2
69.84558063273961	"null"
70.64016911539046	"null"
