"CommMath"	"Mult c=a*b"	true	2
100	2
555.8557422466948	"null"
566.507720596978	"null"
200	2
71.41700467588957	"null"
71.03387136995373	"null"
