"CommMath"	"Scale b=alpha*a"	true	2
100	2
26293.77469880723	"null"
26714.773796300327	"null"
200	2
6644.790154611561	"null"
6452.5975245954005	"null"
