"CommMath"	"Solve m>n"	true	2
100	2
227.69371007701227	"null"
227.43534331648868	"null"
200	2
30.93397031025172	"null"
30.923140194891058	"null"
