"CommMath"	"Solve m=n"	true	2
100	2
960.7812373376205	"null"
969.3617434801117	"null"
200	2
145.95479870723037	"null"
144.58333747029835	"null"
