"CommMath"	"SVD"	true	2
100	2
50.48455805177552	"null"
51.57472063005329	"null"
200	2
2.2020407996651707	"null"
6.129888657464283	"null"
