"CommMath"	"Transpose Square: b=a^T"	true	2
100	2
22975.58104743433	"null"
23450.024158393295	"null"
200	2
5775.384672832512	"null"
5666.52791096541	"null"
