"EJML"	"Add c=a+b"	true	2
500	2
2241.7409318617956	"null"
2518.39396764801	"null"
1000	2
182.1306007399681	"null"
177.80895849492737	"null"
