"EJML"	"Determinant"	true	2
500	2
14.444761545938306	"null"
14.391899115458338	"null"
1000	2
1.6991152410444272	"null"
1.8620683571345624	"null"
