"EJML"	"Eigen for Symm Matrices"	true	2
500	2
2.078905971740872	"null"
2.1775124889795276	"null"
1000	2
0.24344358918481057	"null"
0.24289728544705036	"null"
