"EJML"	"Invert b=inv(a)"	true	2
500	2
5.329976835142498	"null"
5.492842621912996	"null"
1000	2
0.5617941734226287	"null"
0.5946976456992447	"null"
