"EJML"	"Invert Symm b=inv(a)"	true	2
500	2
8.664863869852267	"null"
8.683496545616793	"null"
1000	2
0.6494924959812814	"null"
0.8220073252673147	"null"
