"EJML"	"Mult c=a*b"	true	2
500	2
7.4316654486910165	"null"
7.967339715357685	"null"
1000	2
0.5824507794493788	"null"
0.6011141510128312	"null"
