"EJML"	"Mult c=a*b^T"	true	2
500	2
5.07499362228089	"null"
5.27077375594744	"null"
1000	2
0.5455894316289251	"null"
0.5602063698533063	"null"
