"EJML"	"Scale b=alpha*a"	true	2
500	2
3522.834531050437	"null"
3615.4229031544405	"null"
1000	2
223.19284977326225	"null"
225.46086351943532	"null"
