"EJML"	"Solve m=n"	true	2
500	2
14.51166003079734	"null"
14.56313286836603	"null"
1000	2
1.8030503735762609	"null"
1.871436850905813	"null"
