"EJML"	"Solve m>n"	true	2
500	2
2.03242096171219	"null"
2.0410863136526154	"null"
1000	2
0.15529643186352435	"null"
0.15760780912966166	"null"
