"EJML"	"SVD"	true	2
500	2
0.945141980334102	"null"
1.1341940848308976	"null"
1000	2
0.10249690307144824	"null"
0.10500700788943797	"null"
