"EJML"	"Transpose Square: b=a^T"	true	2
500	2
2151.526170198629	"null"
2151.467318206685	"null"
1000	2
207.09782264867604	"null"
211.72909520415257	"null"
