"JBLAS"	"Add c=a+b"	true	2
100	2
24142.37130134495	"null"
24201.11204906779	"null"
200	2
4955.906359955312	"null"
5072.704771434931	"null"
