"JBLAS"	"Eigen for Symm Matrices"	true	2
100	2
251.947081960664	"null"
268.7131957491274	"null"
200	2
58.65396865040376	"null"
61.970200085285704	"null"
