"JBLAS"	"Invert Symm b=inv(a)"	true	2
100	2
952.1386570823586	"null"
1003.3400928485236	"null"
200	2
187.16344788975474	"null"
191.7666175783227	"null"
