"JBLAS"	"Invert b=inv(a)"	true	2
100	2
944.4786323593466	"null"
957.5325653988359	"null"
200	2
176.90642568603224	"null"
183.23484693236372	"null"
