"JBLAS"	"Mult c=a*b^T"	true	2
100	2
1611.6506767820263	"null"
1626.2675444002516	"null"
200	2
287.245160531211	"null"
296.77479038216916	"null"
