"JBLAS"	"Mult c=a*b"	true	2
100	2
1631.0895727002535	"null"
1717.229928447606	"null"
200	2
312.1467666104037	"null"
322.97154791435366	"null"
