"JBLAS"	"Scale b=alpha*a"	true	2
100	2
26750.688805355683	"null"
27052.645136113857	"null"
200	2
5359.190925694251	"null"
5536.811903520015	"null"
