"JBLAS"	"Solve m=n"	true	2
100	2
2657.47292953061	"null"
2869.529883224287	"null"
200	2
555.0321851123766	"null"
572.6187733789894	"null"
