"JBLAS"	"SVD"	true	2
100	2
80.14339749268078	"null"
82.33786105402389	"null"
200	2
12.638995186349238	"null"
12.644329440031797	"null"
