"JBLAS"	"Transpose Square: b=a^T"	true	2
100	2
23460.707141174058	"null"
23746.703211669796	"null"
200	2
4796.988680862866	"null"
4829.702446532742	"null"
