"JBLAS"	"Add c=a+b"	true	2
1000	2
141.73727220091914	"null"
145.19227355226369	"null"
2000	2
28.99032403773314	"null"
34.959474181229986	"null"
