"JBLAS"	"Eigen for Symm Matrices"	true	2
1000	2
0.8338484279124551	"null"
0.9428357470316592	"null"
2000	2
0.11556418108934727	"null"
0.11817656491120815	"null"
