"JBLAS"	"Invert b=inv(a)"	true	2
1000	2
2.108645425156688	"null"
2.181737851023866	"null"
2000	2
0.3054769489118136	"null"
0.3150390310802714	"null"
