"JBLAS"	"Invert Symm b=inv(a)"	true	2
1000	2
2.5088879131452106	"null"
2.544379756576424	"null"
2000	2
0.3567676695585193	"null"
0.36832414422297616	"null"
