"JBLAS"	"Mult c=a*b"	true	2
1000	2
3.5178095899865576	"null"
3.560961421018463	"null"
2000	2
0.4632401772515716	"null"
0.4809188321325144	"null"
