"JBLAS"	"Mult c=a*b^T"	true	2
1000	2
3.4480013446860447	"null"
3.3984052840471586	"null"
2000	2
0.45448258762177274	"null"
0.47237593836499975	"null"
