"JBLAS"	"Scale b=alpha*a"	true	2
1000	2
178.1705501668994	"null"
181.62826101404505	"null"
2000	2
33.434401791046824	"null"
42.75484425746326	"null"
