"JBLAS"	"Solve m=n"	true	2
1000	2
7.535511855525196	"null"
7.616820939376547	"null"
2000	2
1.030626826143196	"null"
1.1476182687359935	"null"
