"JBLAS"	"SVD"	true	2
1000	2
0.0981872889815427	"null"
0.10179859910818816	"null"
2000	2
0.012450576457204026	"null"
0.012470672880549675	"null"
