"JBLAS"	"Transpose Square: b=a^T"	true	2
1000	2
134.12555077940726	"null"
135.72448249358214	"null"
2000	2
26.857968509179145	"null"
33.04118752632393	"null"
